num	summary_zh	summary_takeaways	summary_meta	summary_status
1	一台從國外買回、改了又改的二手列印機，竟長成台灣少數打進國際的 3D 列印品牌。普羅森 Phrozen 創辦人吳彞任（Ray）從杜邦工程師起步，與夥伴 Alex 在下班後鑽研光固化技術，靠群眾募資拿到第一桶金，再把眾人看不起的 LCD 做成主流：移除彩色濾光片、把列印速度一舉拉高五倍。這集聊他如何在沒有專利的紅海裡，用規格、品牌與材料策略走向世界舞台。	先求能走，再求跑得快｜Ray 坦言一開始若硬要做出歐美等級的材料根本辦不到，於是刻意把標準降低、先讓機器「能動」就好，靠認識的材料界朋友送樣測試，才讓自建光固化材料的評估得以啟動。 ‖ 被同業看不起的技術，反而是缺口｜當年多數廠商認為 LCD 壽命短、像玩具，沒有競爭力。但 Ray 與 Alex 看準 LCD 能同時兼顧尺寸與解析度，後來再移除彩色濾光片、開單色面板模具，把固化時間從 10 秒壓到 1.5 秒，速度提升五倍，重新定義了這個賽道。 ‖ 沒有專利，就用規格、通路與材料築牆｜單色 LCD 當時被判定不具專利性，深圳對手很快跟上。普羅森改以更高規格（4K、8K）、小中大全尺寸產品線、消費機與專業機並進，並加碼材料投資做 Total Solution，用 20 到 40% 的溢價在價格戰中守住品牌。	普羅森 Phrozen 創辦人吳彞任（Ray）專訪：從杜邦工程師到自建光固化材料，把被看衰的 LCD 做成五倍速主流，帶台灣 3D 列印品牌走向世界。	ready-for-review
3	從棒球漫畫《Touch》入坑、靠著一張黃牛票的怨念，邱光宗（KT）一頭栽進票務世界。他幫兄弟象兩週寫出第一版售票系統，看準 7-ELEVEN 的 iBon 末端「全押」，再用 AWS 雲端扛住開賣瞬間的爆量，創下 12 分鐘清空 12 萬張票卡的紀錄，最後讓拓元售票 tixCraft 被全球售票龍頭 Ticketmaster 收編，把台灣的售票技術帶向世界。	用既有籌碼把談判桌兩端拉在一起｜KT 手上握著六支職棒球隊的票源，便以此說服剛推出 iBon 的統一合作，再回頭用 iBon 通路說服球隊與聯盟，讓彼此原本對立的雙方因共同利益而成局。 ‖ 選對商業模式比拚技術更關鍵｜比起電商要顧物流、逆物流與退換貨客服，售票只需處理金流與資訊流，交易完成、錢收到即結束。KT 認為這才是最理想、最值得投入資源的模式。 ‖ 看著存款下降會慌，就先別創業｜KT 坦言曾遇到信用卡繳不出、得跟同事調頭寸的時刻，但他不會因此睡不著。他認為若會因現金流失而恐慌，容易做出錯誤判斷，這種人或許不適合創業。	拓元售票 tixCraft 創辦人邱光宗（KT）專訪：從棒球迷到兩週寫出售票系統，押注 iBon、寫下 12 分鐘清 12 萬張紀錄，最終被 Ticketmaster 併購。	ready-for-review
5	從恆春小鎮的觀光記憶，到大學休學回鄉開熱炒店、當了五年導遊、再赴澳洲打工換宿，張文哲（Russell）把每一段看似無關的經歷都變成養分。2015 年回到台北，他用「高品質、高效率」兩個原則，從零摸索：選用政府認證最貴的雞蛋、親自試泡半年的茶，打造出菜單精簡的真芳炭烤土司。他談錯了就改的速度、把員工視為夥伴的合作關係，以及為何堅持每間店都要有騎樓和廁所。一個關於不放棄、邊做邊修正的品牌故事。	錯了就改，速度決定一切｜開店第一週算錯定價，隔天就改。他認為溢價與信任，最終都回到「修正錯誤的速度」。 ‖ 以高單價反推高品質｜選用行政院公告最貴、最好的雞蛋，用政府認證確保品質，且不多賺，只把成本價差往上疊。 ‖ 精簡菜單，服務真實需求｜早餐客人要的是快；單品少才能先進先出、集中出餐，維持新鮮與效率。	真芳炭烤土司創辦人張文哲（Russell）專訪：從恆春熱炒店、導遊到澳洲打工換宿，如何用高品質與高效率打造觀光客票選台北必吃早餐店。	ready-for-review
7	從易遊網、燦星到易飛，再到從零打造 KKday，陳明明在旅遊業深耕逾二十年，連續挺過 SARS、金融海嘯與 COVID 三場危機。他談平台生意「雞生蛋」的難題：先砸錢把系統與內容做出來、不抽供應商佣金，正循環才轉得動；也聊 KKday 為何把團體行程拆成一個個體驗原件、開站第一天就上線五種語言衝國際。一段把危機化為轉機的創業故事。	平台是「雞」先於「蛋」｜旅行社靠變動成本能輕巧起步，平台卻得先重投 IT 與商品內容。KKday 早期不抽供應商佣金、甚至替他們免費上架搬貨，把內容與流量都養起來後，正循環才會自己轉動。 ‖ 把團體行程拆成可隨選的體驗原件｜廉航單段訂票與 Agoda、Airbnb 興起後，機票、住宿都能自己訂。陳明明看準缺口，把過去五天團裡的螃蟹吃到飽、破冰船一日遊拆成獨立商品，讓自由行旅客在當地隨選隨訂。 ‖ 活下來就能收割整個市場｜危機中撐住的人能接收退場對手砸錢教育出的市場，還會長出新技能。COVID 期間 KKday 轉做各地國內旅遊，疫後同時握有在地與國際兩條腿，比危機前更強壯。	酷遊天 KKday 創辦人陳明明專訪：從易遊網到 KKday，二十年旅遊創業經驗，如何挺過 SARS、金融海嘯與 COVID，打造旅遊體驗預訂平台。	ready-for-review
8	訪問 KKday 創辦人陳明明之後，三位主持人 Jonathan、Tim、Johnson 回到麥克風前，聊聊各自的收穫：旅遊平台與傳統旅遊業在商業模式上的根本差異、KKday 如何靠免費上架讓供應商與消費者形成飛輪、為中小型旅遊業者打造的 Rezio 後台系統，以及「以客戶體驗為北極星」的團隊文化。最後一段觀眾提問，三人也聊到 AI 與旅遊科技的未來。	平台與傳統旅遊業是兩種生意｜傳統旅遊靠個人經驗與人脈就能組團銷售；平台則要先砸錢與時間建立系統與網站架構，再養業務、行銷團隊，起步不易，但一旦跑起來，規模化能力遠勝傳統模式。 ‖ 免費上架啟動供需飛輪｜沒有流量供應商不願上架，沒有供應商消費者也不來。KKday 初期讓供應商免費上架旅遊產品，降低進入門檻、衝高商品數，逐步建立起雙邊飛輪，與 Airbnb 早期讓利拉攏供應商的做法相似。 ‖ Rezio 為中小業者解決後台痛點｜旅遊體驗多由在地中小型業者支撐，缺乏大集團的後台資源。KKday 投入成本打造 Rezio 這套 PMS，搭配手機 App 做後台、金流管理與開發票，減少 double booking，讓像小琉球潛水教練這樣的業者也能即時管理訂單。	訪問 KKday 創辦人陳明明後，主持人回顧平台飛輪、Rezio 系統與客戶體驗文化，並暢談 AI 旅遊科技趨勢。	ready-for-review
9	年收千萬卻毅然離開夜市、如今展店超過三十間的飾品品牌 Vacanza 假期飾品，起點其實是高雄眷村裡那個零用錢只有兩百塊、靠燒光碟和賣牛仔褲攢錢的女孩。Part 1 起源篇，創辦人亦與蟲蟲回到 2005 年的夜市攤位，聊扭扣飾品的削價競爭、如何靠冷門的「景泰蘭」工藝找到差異化，以及一段在饒河街黑暗中亮著的小攤前展開的緣分。	差異化來自冷門，不是跟風｜扭扣飾品人人都做，一對從 150 削到 50 元幾乎不賺錢。亦改去翻電話簿黃頁、跑板橋工廠，一間間切已停產的「景泰蘭」存貨，靠市場稀缺的工藝品做出差異，這才是夜市生意的起飛點。 ‖ 先跳進去做，才有手感再決定破圈｜亦坦言一開始對飾品沒太多感覺，只覺得門檻低就先試。她的邏輯是先投入累積手感，再判斷要繼續沉淪於紅海、還是想辦法破圈，而非等想清楚才動手。 ‖ 失敗的批發店，換來供應鏈經驗｜2007 年在北車開三坪批發店，因商品小眾、成本高、款式與會員數都拚不過大店，一年就收掉。但這段經驗讓她學會管理貨源，反過來支撐後續把擺攤點一路擴到七個。	飾品品牌 Vacanza 假期飾品創辦人亦與蟲蟲 Part 1 起源篇：從眷村女孩、夜市擺攤到景泰蘭差異化，聊創業的最初起點。	ready-for-review
10	Vacanza 假期飾品 Part 2，共同創辦人蟲蟲登場。她如何在過年夜逛饒河街、把壓歲錢 all in 在一個黑暗中的小飾品攤，又在颱風天把亦拉離攤位去看電影？亦與蟲蟲聊起品牌名 Vacanza 的由來、六個攤車全盛時期的推攤日常，以及讓一攤滾成年收破千萬的企圖心，還有那個埋下轉型伏筆的直覺。	品牌名先莫名其妙，意義是後來長出來的｜Vacanza 是義大利文的假期，但兩人從沒去過義大利，只是 Google 了各國「vacation」的說法後選的，還混入了喜歡的 FreeTempo 歌曲。亦後來體會到，很多品牌名都是莫名其妙開始，真正的意義是你做了夠多有意義的事之後才被賦予的。 ‖ 品牌內核來自觀察消費者的當下狀態｜他們發現顧客帶著吵架、分手、報告不順等各種情緒走進攤位，卻在拿起飾品比對的十五到二十分鐘完全抽離、專注當下。這個放鬆的 moment 就是他們定義的「假期」，成了 Vacanza 的核心概念。 ‖ 擴張的關鍵是拆解「哪些事非我不可」｜從一攤到六攤，亦靠的是強烈企圖心加體力，並不斷自問哪些事一定要自己做、哪些能交給協作。但這個 MVP 模式有極限：沒有 POS、沒有系統、沒有總部支援，加上工讀生離職後模仿開攤造成同質化競爭，讓他直覺意識到必須轉型。	Vacanza 假期飾品 Part 2：蟲蟲登場，聊品牌名由來、六攤全盛時期與年收破千萬的擴張思考。	ready-for-review
11	在東區顯赫商圈開店前，Vacanza 創辦人亦與蟲蟲每天在擺攤時望著對面那家店，把「有一天租下它」當成夢想。Part 3 揭曉他們如何從一句岳母的叮嚀走向開店：租金十幾萬租不起就切一半分租，裝潢只花三十多萬、連招牌都沒有，卻靠著從地攤延續而來的服務與熱情，讓一家小店月營收一路衝上兩百多萬。	一句叮嚀，種下開店的種子｜蟲蟲的媽媽一句「不能永遠擺攤，難道要邊擺攤邊推娃娃車」，讓亦心中萌生開店念頭。他們並非貿然開店，而是靠六個攤位建立穩定的第一成長曲線、現金流足以負荷後，才在東區做小規模試錯的突破。 ‖ 租不起就切一半，把夢想先搬進門｜東區店租一個月十幾萬，是夜市攤位幾千塊的幾十倍。他們負擔不起整間，便把店切一半分租給別人，自己只用一半、裝潢僅花三十多萬、連招牌都沒有，就這樣圓了「在東區有一間店」的夢。 ‖ 服務與熱情，是地攤練出的差異化｜商品沒有太大差異時，亦與蟲蟲把擺攤那套近距離互動搬進店裡：主動幫客人試戴、預判需求。蟲蟲更記得打工時老闆娘的話，客人願意走下十階樓梯，就該認真對待每一位走進來的人。	Vacanza Part 3：亦與蟲蟲在東區租不起整間店，切一半開店、靠地攤練出的服務熱情，讓小店月營收衝破兩百萬。	ready-for-review
12	一間爆紅小店擠到不舒服，Vacanza 假期飾品該怎麼辦？Part 4 裡，亦與蟲蟲拆解他們如何從東區一路展店到信義威秀，甚至喊出「有一天我們也要在這裡」後真的顯化成功。當百元飾品大軍湧入賽道，他們選擇用醫療鋼與規模化拉開品質差距，把過敏率壓到 2%，最終走向飾品終身保固，把不可控的產業痛點扛在自己身上。	擴張不是衝動，是養兵再打｜亦說快速展店的底氣，來自第一間店打磨夠久、團隊在小規模化過程中養出可用的人才。每擴張一次就得把分散各地的新人培養起來、養兵歇息一陣，才追下一波成長。 ‖ 先喊出願望，再毅然決然去問｜看著信義威秀整排國際品牌，他們對自己說「有一天我們也要在這裡」。當原本的 Accessorize 撤櫃，他們擇日不如撞日，用東區與南西店的營收粗算風險，確認不會虧到全賠就衝，半年後衝上一個月 260 至 280 萬。 ‖ 把不可控的產業痛點扛起來｜面對百元飾品削價競爭，Vacanza 選擇用醫療鋼、要求 OEM 多兩刀不電鍍耳針來拉高品質，把過敏率壓到 2%。但他們發現連純金都會過敏、體質也會變，於是規劃三年，用終身保固直接承接損壞與過敏的損失。	Vacanza 假期飾品 Part 4：亦與蟲蟲談展店信義威秀、醫療鋼品質戰與飾品終身保固。	ready-for-review
13	最終回 Part 5，假期飾品 Vacanza 創辦人夫婦亦與蟲蟲揭開「一店一設計」的思考：為什麼每間店都不一樣、為沒有耳洞女生開的二夾專門所，還有那張讓男友能充電喝飲料的男友寄放區。他們從路邊擺攤做到年營收七億多，坦白分享複合店為何算不過帳卻仍要做、永續與品牌溢價，以及夫妻如何在公司與家庭裡「輪流當老闆」維持長久關係。	擴大賽道，而非硬擠進紅海｜亦與蟲蟲觀察到沒有耳洞的女生只能買耳針飾品再改成耳夾、被迫將就，於是開了二夾專門所。有一群 TA 卻沒有場景滿足，先解決痛點就自然有需求，等於把整個賽道做大，而不是貿然投入競爭環境。 ‖ 男友寄放區：照顧陪逛者就是照顧生意｜他們抓到男生陪女友逛街很有壓力的 insight，在店裡設男友寄放區，提供座位、能量飲料、沙龍 Pass 與充電器。當男友被照顧到、沒有壓力，女友逛得更安心、買得更多，細節體驗反而成了品牌黏著度。 ‖ 刻意選困難的路，夫妻輪流當老闆｜複合店損益怎麼算都不賺錢仍堅持自營餐飲，因為困難的選擇往往帶來更多養分。而經營十幾年、養三個小孩的秘訣是分工：公司裡誰更在意品牌就由誰主導、另一人當副手，家庭則反過來，靠輪流當老闆化解衝突。	Storys EP13 最終回：Vacanza 亦與蟲蟲談一店一設計、男友寄放區與夫妻共同創業如何平衡。	ready-for-review
15	募到再多錢，為什麼有人捐得不甘願？貝殼放大創辦人林大涵，從台灣群眾募資元年一路走來，累積超過 50 億集資、幫助 800 組提案者圓夢。他拆解一個關鍵洞察：與其幫團隊挑一桶水，不如替他們挖一口井，讓有資源的大贊助者也一起把錢放大，重新定義募資顧問的價值。	與其挑一桶水，不如幫他挖一口井｜過去貝殼放大像挑夫，幫提案者找到那桶「錢」的水；但林大涵發現真正的機會，是媒合政府補助、企業基金會等超級大贊助者，用同一筆資源幫團隊做長期群眾募資。原本給 100 萬，透過募資可能放大成 300 萬、500 萬，讓資源方看到的不只是社會回報，而是實實在在的 ROI。 ‖ 募越多、收越高的「對讀式合約」｜創業初期貝殼放大不先收費，改以成效分潤，並採用募越多、分成比例越高的階梯式合約。這刻意讓顧問和提案者站上同一陣線：你募得越多，我的收益越明顯上升，因此我有動力和你一起把案子做到更大，而不是各自算計。 ‖ 成功創辦人的共通特質是「容錯率」｜林大涵認為越成功的創業者，容錯率越高。這份容錯率可能來自雄厚財力、強大的精神力，或深厚的人脈，即使這次失敗，大家仍願意繼續相信你。有了容錯的餘裕，才有本錢做題目、邀集戰力、發展更好的合作關係。	貝殼放大創辦人林大涵談群眾募資十年：50 億集資背後的洞察，從幫團隊挑水到挖井，讓資源方一起把錢放大。	ready-for-review
16	訪問貝殼放大創辦人林大涵之後，三位主持人 Jonathan、Tim、Johnson 回到麥克風前，聊聊各自的收穫：貝殼放大如何從單純的群眾募資顧問，衍生出天使放大、貝殼集氣等服務，建立起延續客戶終生價值（LTV）的生態系；也聊到美國抽獎募款平台 Omaze 的類比案例，以及新創從 bootstrap 到各輪募資的資金光譜。	募資平台不是丟上去就有人買單｜Tim 分享自己曾想做收藏車募資平台，卻卡在沒有公信力、沒人推銷；貝殼放大靠多個成功案例才累積出讓人願意投錢的信任。 ‖ 生態系留住客戶終生價值｜品牌靠群眾募資獲得第一批客人後，貝殼放大透過天使放大、貝殼集氣等服務延續關係，不讓客戶募完資就離開，拉長 LTV。 ‖ 早期卡位，跟著平台一起長大｜Jonathan 提到貝殼放大 2012、2013 年臉書社團起步時用戶少、長粉容易，如同早期進場的抖音或 Threads 用戶，能隨平台成長而放大聲量。	貝殼放大創辦人林大涵專訪後，主持人回顧募資顧問到天使放大、貝殼集氣的生態系佈局，聊 LTV、Omaze 抽獎模式與新創募資階段。	ready-for-review
17	一個因為手機容量不夠、想把美食照片清一清而開的帳號，四個同校好友花五秒定名、直接在手機上畫出 Logo，十年後長成破百萬粉絲的新媒體公司。4foodie 創辦人徐詩晴（Ava）談她如何靠手繪字與月亮 emoji 評分做差異化，如何被檢舉逃漏稅反被推去正式立案，以及從華山市集到紅葉蛋糕、星宇航空聯名的變現路。	拍不贏就比差異化｜Ava 直言自己拍照修圖贏不了專業攝影師，於是在照片上加手繪字、用月亮 emoji 取代分數評分，讓內容一眼就能被記住。 ‖ 不合品牌調性，寧願退費｜4foodie 合作前一定先講清楚規則，若餐廳真的不適合，Ava 會直接退費、不勉強編輯昧著良心寫好評，才撐出十年信任。 ‖ 被檢舉逃漏稅，推她正式立案｜一間甜點店店主因評論不佳瘋狂檢舉國稅局，才讓當時二十出頭的 Ava 被迫成立工作室、開發票，從此才真正走向公司化。	4foodie 創辦人徐詩晴（Ava）專訪：從清手機容量的美食帳號，到手繪字評分做差異化、被檢舉逃漏稅意外立案，十年打造破百萬粉絲新媒體公司。	ready-for-review
18	訪問 4foodie 創辦人 Ava 之後，三位主持人 Jonathan、Tim、Johnson 回到麥克風前，聊聊各自的收穫：一個原本只是為了清手機容量的美食帳號，如何靠手繪字與 emoji 評分做出差異化，一年衝上 10 萬粉絲，卻花了將近三年才等到第一筆業配收入。最後一段觀眾提問，三人也辯論內容創作者該怎麼挑選合作品牌。	清手機容量意外養出品牌｜Ava 一開始只是想把吃過的照片存到帳號裡騰出手機空間，Logo 花不到半小時畫完，卻在一年內衝到 10 萬粉絲。 ‖ 專心做一件事，做滿三年再變｜4foodie 從 2015 年 9 月每天發兩篇圖文，直到 2017 年才有第一筆業配收入，撐過近三年零營收才等到品牌信任。 ‖ 破圈也是一種轉型機會｜面對觀眾提問，Tim 認為受眾不合的品牌合作反而能幫創作者破圈；Johnson 則提醒仍要顧及品牌調性與受眾重疊，才是理想的長期合作。	4foodie 創辦人 Ava 專訪後，主持人回顧手繪字差異化、三年零收入到首筆業配的歷程，並回答聽眾提問：創作者該如何挑選合作品牌。	ready-for-review
19	台大機械系出身、當過家教的林暐淳（Johnson），大三發現學生的差距不是聰不聰明，而是學習動機與技巧，於是創辦 Pivot Study，把「逆轉學習」方法課賣進補習班。他用一次段考進步 50 到 100 名的數據談下近十家合作，卻在資本僅 10 萬台幣下，卡進賺不到錢的死穴。Cofit Part 1，聊大學生時期的第一次創業。	資料留白，逼學生自己建構知識｜Pivot Study 的講義大量留白，引用麥肯錫金字塔原理，若學生學完無法自己填出知識架構，就代表沒真的學會。 ‖ 用實測數據，換補習班信任｜團隊先免費把課程教給補習班學生，測出一次段考進步 50 到 100 名的成果，才拿著這組數據去談下一家合作。 ‖ 服務既有客戶，賺不到擴張的錢｜補習班本身招生能力有限，Pivot Study 只能抽既有學生的講師費，沒有能力帶來新學生，導致抽成極低、規模始終做不大。	Cofit 創辦人林暐淳（Johnson）專訪 Part 1：台大機械系背景的大學生創業，靠實測數據把逆轉學習法賣進近十家補習班，卻卡在既有客戶抽成太低的商業模式難題。	ready-for-review
20	看見美國 Retrofit、Weight Watchers 從實體工作坊轉型手機服務，林暐淳（Johnson）與營養師好友千穎把飲食紀錄與指導線上化，創辦 Cofit。300 萬資金、預估撐一年，App 推出卻發現營養師沒預算訂閱工具，只能轉往企業授權、幫大陸健身平台代工開發才打平。Cofit Part 2，聊差點撐不下去的第一年。	此路不通，訂閱就換道｜Cofit 原想把營養師工具賣給醫院與營養師收訂閱費，卻發現營養師收入多來自健保、沒有額外預算升級工具，這條路完全失敗。 ‖ 代工開發換來一年的損益兩平｜轉向幫大陸健身平台白牌開發 App，對方按月支付開發費，讓 Cofit 撐過最艱難的第一年，還順勢養大了工程與系統能力。 ‖ 產品定義權換不掉創業的初衷｜即使接了雀巢、台北市政府等代工案維持現金流，Johnson 堅持保留產品設計主導權，開發的功能仍是自己想要的方向，沒有偏離飲食教育的本業。	Cofit 創辦人林暐淳（Johnson）專訪 Part 2：300 萬資金起家，B2B 訂閱模式失敗後轉向企業代工開發，如何撐過差點做不下去的第一年。	ready-for-review
21	臉書還有流量紅利的年代，Cofit 靠官網限時促銷加廣告就能一路賣課。但紅利一過、流量被瓜分，CPA 開始暴增，光靠曝光廣告的受眾也放大不了。創辦人林暐淳沒有停在原地，疊出第二個引擎：用曝光廣告把人導進 Messenger，機器人先幫你算基礎代謝率，健康顧問再私訊成交。這是 Cofit 行銷從砸廣告走到陪伴用戶的進化之路。	廣告紅利退了，就疊下一個引擎｜臉書流量被瓜分、CPA 一路暴增後，Cofit 疊出第二個引擎：用曝光廣告把人導進私訊，機器人先算好熱量缺口，再讓健康顧問接手成交。 ‖ 衛教內容要當文案寫｜Cofit 把生硬難懂的營養知識，全部當作 Marketing 文案在雕琢，因為他們認為消費者讀不下去，是公司的責任，不是消費者的問題。 ‖ 拍越多張，瘦越多｜登上 Nutrients 期刊的一萬人統計發現，減重效果和一個指標強烈正相關——拍照上傳的張數；拍得越勤，成效越好。	Cofit 創辦人林暐淳（Johnson）專訪：從臉書廣告紅利消退、CPA 暴增談起，如何疊出「曝光廣告＋健康顧問私訊成交」的第二個成長引擎，並把生硬的衛教內容當行銷文案來寫，一步步做出減重品牌的行銷進化。	ready-for-review
22	一張照片，本來要等營養師分析；現在AI幾秒就給結果。Cofit累積十年、一千萬張照片的資料庫，讓AI拍照分析成了他們自認全世界最準的功能。但林暐淳沒有讓AI取代營養師，而是讓他們從算熱量的工作解放，去做更有價值的飲食策略指導。從線下營養師駐點到跟宋彥仁醫師聯名開診所，這是Cofit把AI與人加在一起、而不是互相取代的故事。	資料是十年攢出來的護城河｜Cofit累積一千萬張用戶照片，用十年經驗開發輔助程式與Prompt，做出自認全世界最準的AI飲食辨識功能。 ‖ AI搶走無聊的工作｜拍照算熱量本來就不是營養師想做的事，AI接手後，營養師才能真正去幫用戶訂更細緻的飲食策略，做更有價值的事。 ‖ 診所補上線上做不到的一塊｜宋彥仁醫師發現自己看診時沒有現場營養師、也無法直接開線上課，Cofit才決定自己做聯名診所把兩者整合起來。	Cofit 創辦人林暐淳（Johnson）專訪：靠十年累積下來的一千萬張用戶照片，打造出自認全世界最準的AI飲食辨識功能，再與宋彥仁醫師聯名開設減重診所，讓AI接手算熱量，營養師專心做飲食策略指導，分工互補而不是互相取代。	ready-for-review
23	三位主持人回到麥克風前，聊起Cofit創辦人林暐淳這幾集訪談留下的後勁。主持人Johnson分享自己用飲食紀錄APP後、慢慢抓到食物份量手感的經驗，Jonathan則點出Cofit把無聊的衛教知識講得淺白有趣、又靠網紅口碑建立信任的行銷邏輯。三人也聊到「客戶沒效果是公司的責任」這句話，覺得是少見、值得尊敬的創業態度。	紀錄本身就是學習｜主持人Johnson分享自己用飲食紀錄APP後，慢慢抓到雞胸肉、雞蛋大概幾克的手感，久了就把量化飲食內化成習慣，不用再一直依賴工具。 ‖ 衛教話術要像行銷文案｜Jonathan指出Cofit把生硬的營養知識，轉成淺顯有趣、國小四年級也能懂的內容，是能建立消費者信任的關鍵功夫。 ‖ 沒效果算公司錯｜三人一致認為林暐淳把客戶沒達到目標的責任攬在自己身上，而不是怪消費者不夠自律，是值得尊敬的企業文化。	Storys 創業之聲主持人訪後收穫：Jonathan、Tim、Johnson三位主持人回到麥克風前，回顧與Cofit創辦人林暐淳的訪談，聊飲食紀錄的學習價值、把衛教內容當行銷文案來寫的功夫，以及「沒效果算公司責任」這句話背後的創業態度。	ready-for-review
24	苗栗農村長大的孩子，下課不是學鋼琴，是去田裡幹活、上山砍柴。CYBERBIZ創辦人蘇基明（Jimmy）從這樣的背景念到成大，進明基做LCD Monitor研發，又在半導體業一待十年，見證晨星從零做到全球第十大IC設計公司、營收近400億。這段十年磨練，成了他後來創業的底氣，這是CYBERBIZ創辦人技術養成的起點篇。	刻苦環境是隱形訓練｜蘇基明從小要下田、上山砍柴、掃地才能去上學，假日還要趕集賣菜，他認為這樣的成長經歷反而練出面對困難時的刻苦能力。 ‖ 痛苦久了變正向循環｜半導體十年他形容99%時間都在受苦、只有達成目標那一刻興奮，但一直被逼著解決新問題，久了能力就越練越強。 ‖ 沒有做不到，只有怎麼做｜晨星創辦人從2001年創業到2010年上市，營收做到近400億、全球第十大IC設計公司，讓他徹底體悟到這句話。	CYBERBIZ 順立智慧創辦人蘇基明（Jimmy）專訪：從苗栗農村下田砍柴、假日趕集賣菜的童年，到明基做LCD Monitor研發，再到半導體業一路磨練整整十年，見證晨星從零做到全球第十大IC設計公司、營收近400億，一路練出創業前的技術與管理底氣。	ready-for-review
25	一趟跟老闆吵架後的三個月「遊學」，卻讓蘇基明（Jimmy）在2011年的矽谷看見軟體大爆發前兆。回台後，他先跟前同事賣茶葉練手感，發現自己更懂技術而非品牌，隔年投入電商平台，2014年成立公司，2015年合併Cyberbiz團隊、拿下第一個客人海鮮小當家，資本額從300萬燒到2600萬。這是CYBERBIZ從矽谷靈感走到燒錢求生的起步篇。	看對趨勢不等於看懂市場｜蘇基明從矽谷帶回「軟體是未來」的信念，卻沒想到台灣軟體的home market太小，還好誤打誤撞選對了電商這一題。 ‖ 先求有，再求平台｜他先接一個客製化APP案子練手賺錢，做完才慢慢想通要做能服務多個客人的平台，而不是一開始就想著做大。 ‖ 軟體創業輕，燒錢才能長大｜三人就能起家的軟體公司，合併後資本額從300萬燒到1600萬再到2600萬，一個月要燒掉上百萬找人、擴倉庫。	CYBERBIZ 順立智慧創辦人蘇基明（Jimmy）專訪：一趟跟老闆吵架後意外促成的矽谷三個月遊學，讓他看見軟體浪潮，回台先賣茶葉練手感，再轉戰電商平台，2015年合併Cyberbiz品牌，資本額從300萬一路燒到2600萬，走過創業起步求生的最初階段。	ready-for-review
26	現金流見底、團隊開始離職，蘇基明（Jimmy）卻同時攤開三條產品線：電商系統、倉儲、廣告機。Part 3，CYBERBIZ 走到最現實的關卡——月營收不到十萬塊，499 元的訂閱費被客人打電話罵「這麼爛」。Jimmy 只能自己捲袖子去賣，直到接下一個科專標案，公司才在 2016 年首度打平。	硬體整合思維救了軟體公司｜Jimmy 觀察半導體業「做 IP 的人最後都被 SOC 整合掉」，因此堅持一開始就把 App、Mobile Web、PC Web 全包，做一站式平台。 ‖ 現金流見底才是真開始｜團隊出走、公司只靠現金流硬撐，Jimmy 才在 2016 年親自下場當業務，打電話、做簡報找客戶，把 499 元訂閱制賣出去。 ‖ 一筆標案撐起轉正現金流｜2016 年接下電信業者委外的科專標案，分到 200 多萬，加上業務團隊到位，CYBERBIZ 那一年首度損益兩平。	CYBERBIZ 順立智慧創辦人蘇基明（Jimmy）專訪：現金流見底、月營收不到十萬、499 元訂閱被客人打電話罵爛，他親自下場當業務去賣、接下電信科專標案，撐過創業最現實的一關，2016 年首度損益兩平。	ready-for-review
27	「賺多少錢，養多少人」——這句話，蘇基明（Jimmy）從 2016 年蹲馬步蹲到 2020 年，才等到疫情這陣東風把 CYBERBIZ 送上快速成長飛輪。Part 4，他談如何在 2018 年就喊出「我們是一家 big data company」，用資料驅動幫商家降低成本、提高營收，也談團隊隨營收滾大後，管理問題怎麼跟著長大。	賺多少錢，才養多少人｜Jimmy 拒絕燒錢擴張，堅持營收成長才增加人力；收入變多就多養人，團隊一路滾大，卻沒斷過現金流，只是管理問題也跟著變複雜。 ‖ 資料才是產品的本體｜Jimmy 認為「AI 等於 data 乘上 model」，EC、POS、WMS 都是 data container，2018 年就定位公司是 big data company。 ‖ 降成本、增營收，飛輪才轉｜精準 retargeting 降低行銷成本、量大攤提物流成本，再靠資料做行銷提高客單價，兩端一起轉，飛輪才會動起來。	CYBERBIZ 順立智慧創辦人蘇基明（Jimmy）專訪：靠「賺多少錢養多少人」蹲馬步四年、疫情起飛，2018 年就自稱 big data company，用資料驅動降成本、增營收，啟動快速成長飛輪。	ready-for-review
28	11 年只接觸過一次投資人，蘇基明（Jimmy）卻把 CYBERBIZ 做到超過 150 億台幣 GMV、養起 200 多人團隊。Part 5，他談公司如何從 2021 年跨境美國、22 年日本、23 年再進東南亞，也談與露天市集攜手的「共存」邏輯，以及觀察多年、還沒真正推出的零售媒體網路（RMN）。	先自己活下來，再談投資人｜Jimmy 11 年來只在 2017 年短暫接觸過投資人，因預期落差太大作罷，直到去年才首度引入加世達與露天兩位策略投資人。 ‖ 跟平台不是對抗，是把餅做大｜CYBERBIZ 與露天合作，讓官網商家透過 API 直接 listing 到露天，露天的商店街客人也能延伸出自己的獨立站。 ‖ 小市場也能是一種優勢｜Jimmy 直言這套一站式模式換到更大的市場未必活得下來，但在台灣，一座楊梅倉儲就能服務全台，撐起 150 億 GMV。	CYBERBIZ 順立智慧創辦人蘇基明（Jimmy）專訪：11 年只接觸過一次投資人，卻拓展跨境美日東南亞、攜手露天市集把餅做大，GMV 破 150 億、養起 200 多人團隊，談智慧零售下一個十年佈局。	ready-for-review
29	訪完 CYBERBIZ 創辦人 Jimmy，三位主持人回到麥克風前換個角度：假裝自己是投資人，評估這間服務超過三萬五千名客人、GMV 破 150 億台幣的公司值不值得投。他們聊工程師背景怎麼塑造出 turnkey 邏輯，也聊 2014 年若坐在 Jimmy 對面看 term sheet，會不會把這筆投資 pass 掉。	當年可能會被 pass｜Tim 直言回到 2014 年看 term sheet，高資本支出的倉儲物流、三線並進分散 focus、加上低毛利模式，投資決策其實很難拍板。 ‖ 硬體人的一條龍思維｜Tim 觀察 Jimmy 提供的不是單一 plugin，而是完整的 turnkey solution，這種思維來自他晨星時期的硬體工程師背景。 ‖ AI 建站簡單，也是隱憂｜主持人討論到如今用 Cursor、Loveable 就能免碼建出好看網站，CYBERBIZ 賴以立足的金流、物流基礎建設正被 AI 新創快速追趕。	Storys 創業之聲主持人訪後收穫：從投資人視角回看 CYBERBIZ 順立智慧創辦人 Jimmy，服務三萬五千客、GMV 破 150 億，拆解工程師背景撐起的 turnkey 邏輯，與 AI 免碼建站帶來的隱憂。	ready-for-review
30	二十出頭靠球鞋、服飾生意月入百萬，卻因得罪一個大盤商、十七個經銷點同時抽單而一夕破產——黃晨皓（Kim）沒有停下，2015 年用 90 萬資本額、三個創辦人起步，做出台灣年輕女性最熟悉的網路媒體 PopDaily。從 Yahoo 首頁 13 個粉絲暴衝到 13 萬，再到 2023 年個人又瀕臨破產、轉身開課當心態教練，他聊流量與道德。	會吸引人，不代表有商業模式｜Kim 早年拍的街訪影片單支就有數千萬觀看，卻一毛錢都沒賺到，讓他明白「單純吸引眼球沒用」，後來才把同樣技巧收攏進 PopDaily、逼流量在 Day 1 就變現。 ‖ 先做廣，再做深的 T 型策略｜PopDaily 早期什麼都報，紅了之後把美食類獨立拆成「波波發胖」等垂直頻道，用矩陣式擴張讓粉絲量體持續領先同業。 ‖ 流量不能越過道德線｜Kim 提到團隊訂下「UPF」原則——內容必須同時對 user、partner、family 都好，堅持不做消費藝人死訊等博流量的報導，即使這會犧牲部分點閱。	PopDaily 波波黛莉與阿金人生進化中創辦人黃晨皓（Kim）專訪：從破產球鞋批發到 90 萬資本額做出台灣女性媒體龍頭，Yahoo 首頁 13 粉衝到 13 萬，談流量變現、UPF 道德原則與恆毅力。	ready-for-review
31	訪完 PopDaily 創辦人阿金那天，剛好是節目錄製的第十間公司。三位主持人 Jonathan、Tim、Johnson 回到麥克風前，不只回顧阿金「先做廣再做深」的媒體經營心法，也一起整理出這十位創辦人身上意外雷同的特質——原來從 3D 列印到旅遊平台，成功的路徑其實有跡可循，關鍵字是勇氣與執行力。	先求廣，再求深｜PopDaily 策略是先用廣泛內容吸引大量受眾，再靠深度專訪養出信任與熟悉感，帶動流量與黏著度一起起飛。 ‖ 洞察不稀有，執行力才稀有｜KKday 陳明明早在 2000 年就看到旅遊業與網路的交集，但真正拉開差距的是二十年來一直做、不斷做的執行力。 ‖ 勇氣才是共同的分母｜從父親驟逝仍抵押遺產救公司的 Ray，到十位創辦人幾乎都在看到機會的當下，選擇放手一搏而不是猶豫內耗。	Storys 創業之聲主持人 Jonathan、Tim、Johnson 訪後討論：PopDaily 創辦人阿金專訪心得，以及回顧過去十場訪談中，Phrozen、KKday、Vacanza 等台灣品牌創辦人共同展現的勇氣與執行力特質。	ready-for-review
32	小時候家裡因為叔叔賭博被迫賣掉大半家產，讓林鼎鈞（Dennis）從國小就對金錢充滿焦慮與渴望。這股焦慮沒有消失，反而變成一路轉型的動力——從群眾募資平台 Hero，到與 YouTuber 合作接業配，最後打造出年度 GMV 破十億的內容產業平台 PressPlay。	急迫性，讓你比別人快｜Dennis 常說自己想彌補高中到大學「死去的七年」，這股急迫感讓他一看到方向就立刻執行，也推著他在賽道走不通時果斷轉型。 ‖ 看不懂的市場，先算過再進場｜音樂人群眾募資的 TAM 太小，他算到一半就放棄，改把訂閱平台從打賞模式轉型成知識型創作者的付費訂閱專欄。 ‖ 先驗證 MVP，再談規模｜決定轉型前，他跟 Rob 先花兩個月幫網紅群人談成 8 個業配案、接案率百分之百，用具體成績驗證方向可行才全力投入。	PressPlay 共同創辦人暨 PressPlay Academy 執行長林鼎鈞（Dennis）專訪：從國小就有的金錢焦慮出發，歷經 Hero 群眾募資平台的失敗與兩次轉型，打造出年度 GMV 十幾億的創作者經濟平台。	ready-for-review
33	節目名稱從「創業之聲」改成刻意拼錯的 Storys，用不完美的拼法提醒聽眾：真正的力量來自掙扎與犯錯。這集 Jonathan 與 Tim 除了公布改名背後的想法，也回顧 PressPlay 創辦人 Dennis 身上那股「明天不是 guaranteed」的急迫感。	拼錯的名字，藏著真心話｜把 stories 故意拼成 storys、少了一個 e，是想告訴聽眾：成就從來不是完美無缺，而是來自不完美的掙扎時刻。 ‖ 急迫性帶動執行力｜Dennis 因為想彌補浪費掉的七年，做事永遠是「今天就做」，這股急迫感直接驅動了他一次次的市場轉型。 ‖ 賽道定義決定天花板｜兩位主持人認為 PressPlay 真正的競爭對手不是同業學習平台，而更像是切入知識領域的 YouTube。	Storys 創業之聲主持人 Jonathan、Tim 訪後討論：PressPlay 創辦人林鼎鈞（Dennis）專訪心得，並首度公開節目從「創業之聲」改名為刻意拼錯的 Storys、以不完美提醒聽眾力量來自掙扎的品牌故事。	ready-for-review
34	十二歲就進實驗室做研究、十六歲從華盛頓大學畢業，徐安廬（Andrew Hsu）拿了三個學位後進史丹佛讀神經科學博士班，卻中途輟學，加入 Peter Thiel 的第一屆 20 Under 20 獎學金。這位天才少年後來與室友 Connor 苦讀一年半 AI 論文，才打造出下載破千五百萬次的語言學習 App Speak。	先研究一年半，再動手做｜確信語音與語言模型會在五到十年內超越人類前，Andrew 和 Connor 花了 18 個月讀論文、旁聽史丹佛課程才動手做 Speak。 ‖ 護城河很少，把基本功做深｜Andrew 不太相信技術護城河，堅持自建課程內容與教學方法「Speak Method」，靠產品專精度贏過對手。 ‖ 看準趨勢，願意等待｜2016 年就篤定語音辨識終將成熟，Speak 熬到 2019 年才找到 PMF，2022 年 Whisper 問世後成長才真正起飛。	Speak 共同創辦人暨 CTO 徐安廬（Andrew Hsu）專訪：從天才少年、史丹佛輟學生到 Thiel Fellowship 第一屆學員，苦讀一年半 AI 技術，打造出下載破千五百萬次的語言學習獨角獸 Speak。	ready-for-review
35	小學跳級進了自由班，他一時興起偽造了一張老師發的代幣、還簽上自己的名字——這是徐安廬（Andrew Hsu）童年最調皮的一刻，父親得知後沒有責罵，只說「沒想到你會做這種事」。Jonathan 與 Tim 這集用中文補完英文訪談沒說完的故事：從西雅圖自學神童到 Speak 創辦人的完整成長史。	贏在起點，不如贏在終點｜Tim 讀完傳記後有感，Andrew 父親的態度是：孩子只是贏在起點，重要的是終點在哪，別浪費超前學習換來的時間。 ‖ 六五比三五的取捨｜推薦人 Bostrom 教授建議 Andrew 進大學後六成五時間顧課業，其餘三成五留給世界兒童基金會等課外事。 ‖ 先想清楚，再一頭栽進去｜看到 AI 機會時，Andrew 和 Connor 沒有馬上做產品，而是先花一年半讀論文、旁聽史丹佛課程才動手。	Storys 創業之聲主持人 Jonathan、Tim 特別篇：解讀 Speak 共同創辦人徐安廬（Andrew Hsu）從西雅圖自學神童、Thiel Fellowship 第一屆學員，到打造語言學習 App 的完整成長故事。	ready-for-review
36	8歲那年，他把老師發的假獎勵幣偷偷放回錢箱、還簽上自己的名字——這個「作弊」的孩子，後來12歲就進大學實驗室做DNA定序。Jonathan、Tim用全英文，逐章拆解Andrew Hsu（徐安廬）13歲出版的自傳《Not Just a Genius》，回推Speak這間AI公司的起點。	被體制擋下的憤怒也是燃料｜他10歲被高中老師以「沒繳學費」拒於門外，從此奉Steve Jobs那句「系統是人做的，你能改變它」為座右銘。 ‖ 教小孩的方法25年沒變｜10歲和弟弟創辦World Children's Organization，用情境教學做兒童英語教材，25年後Speak仍用同一套情境教學法教語言。 ‖ 失敗過一次才懂鎂光燈的代價｜他12歲就是英特爾科展最年輕參賽者，第一次創業Aerie Labs卻找不到PMF、還遭大量負面報導，才學會盛名背後的責任。	Speak 共同創辦人徐安廬（Andrew Hsu）特別篇：Storys主持人Jonathan、Tim全英文導讀他13歲出版的自傳，從12歲進大學實驗室、休學史丹佛到創辦Speak，回推這位天才創業者25年不變的教育初衷。	ready-for-review
37	在英特爾的方格子座位裡，一整週不跟人說話也沒人發現——25歲的他因為太安逸而慌了。吳昕霈（Jeffrey）於是離開英特爾，轉戰麥肯錫，35歲決定回台灣做一件沒人做過的事：把台灣1400多萬輛機車的3%使用率，變成一門共享電動機車生意，也就是後來的WeMo。	先把自己丟進不舒服｜在英特爾每天3點就沒事做的他自認太安逸，轉戰麥肯錫後第一天就被客戶問「你是新來的？」，從零學起跟C level溝通。 ‖ 數據先於熱情｜買車前先辦了三、五十場焦點訪談、訪了近三百人，才定出機車離用戶不超過百公尺、拿出鑰匙5秒內要能發動的規格。 ‖ 自以為是也要先上路｜第一批200台車上路當天壞了150台，才發現200台密度根本不夠，逼出千台規模的擴張，才等到真正的PMF。	WeMo 共同創辦人吳昕霈（Jeffrey）專訪：從英特爾工程師、麥肯錫顧問到35歲回台創業，靠三、五十場焦點訪談打造共享電動機車服務，帶著兩百台車起步，一步步摸出如今共享機車通用的營運模式。	ready-for-review
38	訪談結束三、四週後，好消息傳來：WeMo在今年第三季正式轉虧為盈，剛好是公司成立滿十年。Jonathan、Tim回到麥克風前，聊吳昕霈這一路從英特爾工程師到麥肯錫顧問，如何靠一次次主動跳出舒適圈，把共享電動機車從200台車的小規模，做成能和Gogoro、iRent分庭抗禮的台灣主要玩家。	舒適圈是拿來跳出的｜兩人指出Jeffrey的故事一直圍繞同一件事：從英特爾的方格子座位到麥肯錫第一線面對C-level，每次轉職都在主動找不舒服。 ‖ 笨方法也是護城河｜兩人聊到Jeffrey即使資金比對手Gogoro、iRent少一兩個零，仍堅持在每篇新聞稿上手動加註自家名字，靠人工累積聲量。 ‖ 小細節決定留客率｜兩人指出WeMo連解鎖等待時間超過某個秒數都會拉低使用者評分，這種精細度才是200台車能撐到破千台的關鍵。	Storys 主持人訪後回顧｜Jonathan、Tim解讀WeMo共同創辦人吳昕霈（Jeffrey）的十年創業路：從安逸到跳出舒適圈，用焦點訪談和新聞稿苦功，在共享電動機車紅海中迎來轉盈。	ready-for-review
39	10歲那年父親打開一台電腦，MIDI音樂一放，他從此迷上寫程式；大學翹課翹到骨子裡，唯一沒翹的是幫學長修電腦——這通電話後來變成他的第一次創業。林之晨（Jamie）從碩網撐過.com泡沫，到帶著十萬美金存款回台灣創立AppWorks，用免費、不拿股權的加速器模式，陪出破兆元市值的新創生態系。	翹課翹出下一段人生｜他自認台大念的書用不到一成，卻因參加籃球校隊、幫學長修電腦，被找去1999年一起創辦碩網，開啟創業生涯。 ‖ 活下來比夢想大更重要｜碩網原本要做電子商務，.com泡沫後被迫轉型B2B軟體才存活下來，如今靠AI續命，成了台灣新上櫃公司之一。 ‖ 用社會工程逼人卸下心防｜他借鏡當兵經驗，故意把demo day弄得嚴肅正式，讓創業者一起承擔壓力，逐漸打破台灣創業圈文人相輕的習慣。	AppWorks 創辦人林之晨（Jamie）專訪：從10歲自學寫程式、翹課大學生到碩網共同創辦人，撐過.com泡沫後回台創辦免費不拿股權的新創加速器，用社會工程逼創業者互相扶持，陪出破兆元市值的台灣新創生態系。	ready-for-review
40	從1998年的.com浪潮到今天的AI與東南亞，Jonathan、Tim回到麥克風前，解讀AppWorks創辦人林之晨（Jamie）橫跨三個網路世代的韌性，也聊起他父親、前台大醫院院長林芳郁醫師，如何在紅包文化盛行的年代堅持不收，最終根除整個體系的陋習。	橫移力比夢想更耐用｜Tim指出Jamie從Web 1.0一路做到Web 3、AI與東南亞，靠的不是原本的計畫成真，而是不斷跟著市場改造自己和公司。 ‖ 利他是會遺傳的｜兩人聊到Jamie的父親林芳郁醫師堅持不收紅包、最終終結台大醫院陋習，這種利他精神也延續進AppWorks不拿股權的模式。 ‖ 陪伴比給錢更值錢｜兩人提到WeMo等校友靠AppWorks在東南亞的在地人脈快速複製商業模式，證明陪新創走完PMF比單純投錢更關鍵。	Storys 主持人訪後回顧｜Jonathan、Tim解讀AppWorks創辦人林之晨（Jamie）橫跨三個網路世代的橫移力，以及父親林芳郁醫師終結紅包文化的利他精神，如何塑造出免費不拿股權的加速器模式。	ready-for-review
41	18 歲那年父親過世，小慧姊得扛起家計，從業務新人做到中興百貨主管。看到黏貼式內衣 NuBra，她毅然代理進台灣，記者會一炮而紅卻換來仿冒潮、一場拖兩年的官司，資金被卡三千萬。她靠電視購物撐過 SARS 的燃眉之急，把 NuBra 專櫃評鑑做到百貨第一，二十年後再把經營新法帶進先生家族的眷村醬料品牌福忠字號。	沒有匱乏，就不會有企圖心｜小慧姊坦言正因 18 歲家道中落、缺錢養家，才逼出賺錢的企圖心；她認為經濟無虞的人反而容易想得多、做得少。 ‖ 先過這一關，再談堅持｜官司卡住現金、又遇上 SARS，她放下「只做百貨品牌」的堅持，先上電視購物換現金週轉，撐過頭兩年後才回頭建立專櫃形象。 ‖ 交棒要交到自己也心痛的比例｜她把 NuBra 交給總經理游慧卿時堅持對方持股過半（她 45、對方 55），她說唯有讓接班人真正當家做主，才會把公司當成自己的孩子經營。	NuBra Taiwan & 福忠字號創辦人小慧姊專訪：從喪父後扛起家計的業務新人，到代理女性內衣品牌 NuBra，一路撐過仿冒亂象與 SARS 期間的官司資金卡關，交棒接班人後再與先生打造眷村醬料品牌福忠字號的雙品牌創業歷程。	ready-for-review
42	訪談結束後，Jonathan 和 Tim 才發現一件事：原來 Tim 從小到大都跟小慧姊的女兒 Candy 是同班同學，卻從沒想過那位同學的媽媽是打造 NuBra 的創辦人。兩位主持人回到麥克風前，聊小慧姊從業務生涯練出的膽識、遇見中興百貨貴人徐莉玲的際遇，還有她「傳賢不傳子」的交棒決定，帶出他們自己對領導與傳承的體悟。	業務底薪不設頂，才敢放手拚｜Tim 和 Jonathan 都認同：業務薪水沒有天花板，願意付出多少就能拿回多少，這種誘因正是小慧姊當年敢拚敢闖的起點。 ‖ 認真對待當下，貴人才會出現｜Jonathan 觀察小慧姊學歷不高卻願意認真對待每個客人與夥伴，才讓哈佛企管、中興百貨的前輩願意栽培她，機會是自己做出來的。 ‖ 知識要能被記錄，才配被升遷｜Jonathan 引用《Unreasonable Hospitality》書中觀點：只有自己懂的事會卡住升遷，唯有把經驗傳承下去、讓後面有人補上，才是真正該被拔擢的人才。	Storys 主持人 Jonathan、Tim 訪後回顧 NuBra 創辦人小慧姊專訪：從業務生涯的膽識養成，到遇見貴人徐莉玲，再到「傳賢不傳子」交棒新一代的領導與傳承心法。	ready-for-review
43	12 歲上大學、19 歲拿到 Teal Fellowship 獎學金——AI 語言學習軟體 Speak 創辦人 Andrew Hsu 的故事太精彩，Storys 主持群決定不只讓耳朵聽見。這集特別公告：9 月錄製的深度對談，已剪成中英雙語字幕影片上架 YouTube，讓聽眾邊吸收創業乾貨、邊學英文。	含金量高的內容，值得換個載體｜主持群認為 Andrew 的分享用了大量科技與創業術語，純音訊不夠，於是加上雙語字幕搬上 YouTube，讓內容更好吸收。 ‖ 特別公告也能是一種服務｜這集本身不是訪談，而是主持群主動告知聽眾：影片版連結已放在節目資訊欄，方便大家轉往 YouTube 收看。 ‖ 傳奇的起點，往往濃縮成一句話｜主持群用「12 歲上大學、19 歲拿 Teal Fellowship」兩個數字，直接點出 Andrew Hsu 為什麼被稱為傳奇人物。	Storys 特別公告：AI 語言學習軟體 Speak 創辦人 Andrew Hsu 專訪，已剪成中英雙語字幕版上架 YouTube，12 歲上大學、19 歲拿 Teal Fellowship 獎學金的傳奇創業故事，邊聽邊學英文。	ready-for-review
44	在美國 CES 展場，一位買家當著他的面罵「你們亞洲人把市場搞爛了」——謝賀祥（Jack）後來才懂，那是在說他的產品太好、賣得太便宜。從 Acer 硬體人到 Yahoo 電商人，兩次創業都因鎖錯受眾而卡關，他在第八年悟出：這輩子我非解這一題不可。於是他把外婆做旗袍的手藝，重新詮釋成用 AI 掃描布料的 NunoX。	被罵，可能代表你做對了｜CES 展場上被美國買家痛罵「賣太便宜」，Jack 事後才理解台灣代工思維長期用毛利定價，而不是用品牌溢價定價，這句羞辱反而點醒了他。 ‖ 新創沒有資源教育市場｜他的第一次創業把受眾鎖定在小眾 Maker，才發現這群人本身賺不到錢，也付不出錢；他總結：新創沒有地位、沒有資源去教育一個還不存在的市場。 ‖ 十年磨一題，才敢說非解不可｜在紡織業打滾近十年、看過大量二代接班老闆的真實困境後，Jack 才確信自己有機會做得比別人好，選擇用 NunoX 把老師傅的經驗數位化、傳承下去。	NunoX 創辦人謝賀祥（Jack）專訪：從 Acer、Yahoo 大廠磨練到兩次創業碰壁，CES 展場上被買家痛罵反成轉念契機，他把外婆做旗袍的手藝化為使命，用 AI 布料掃描與雲端供應鏈解構台灣紡織產業的傳承難題。	ready-for-review
45	訪完謝賀祥（Jack），Jonathan 和 Tim 回到麥克風前，聊的第一件事竟是他外婆——一位小兒麻痺、卻天天背著他跑遍街頭做旗袍的裁縫師。兩人接著談起 Jack 在大企業磨了十多年才出來創業的路徑，以及那句曾讓他在 CES 展場被外國買家痛罵的話，如何反過來變成他重新定義品牌溢價的關鍵一課。	家庭背景，藏著創業的根｜Tim 特別提到 Jack 從小被身障外婆一跛一跛背大、又看著母親經營腳踏車生意，認為這些成長細節深深影響了他後來做 NunoX 的初衷。 ‖ 磨得越久，看得越遠｜Jonathan 觀察 Jack 在 Acer、Yahoo 待了十多年才出來創業，和 Ray、Jimmy 等受訪者一樣，資歷累積得越久，回頭看反而更能看懂自己在解什麼問題。 ‖ 被罵慘，也可能是被稱讚｜兩人重新解讀 CES 展場上「你們亞洲人把市場搞爛了」這句罵，認為那其實點出台灣長期用毛利定價、而非用品牌溢價定價的思維落差。	Storys 主持人 Jonathan、Tim 訪後回顧 NunoX 創辦人謝賀祥（Jack）專訪：從外婆做旗袍的家族背景，到大廠十多年磨練與 CES 展場受辱的一課，解讀紡織世家的傳承與品牌國際化心法。	ready-for-review
46	16位創辦人的紅包裡裝的不是錢，是韌性。Storys春節特輯，Jonathan、Tim、Johnson角色互換，回頭拆解一年半來訪過的16位創辦人：從KKday陳明明疫情中轉向國旅、WeMo吳昕霈封城時忍痛裁員，到Phrozen在Amazon三天賣光貨櫃，四大主題「起點、生存、工具、信仰」，串起這些創業者共同的Grit與Why。	經驗決定黑天鵝時的判斷｜陳明明在SARS期間把易遊網轉向國旅、Jeffrey在封城時忍痛裁員又開外送，都靠實務經驗，不是靠數據。 ‖ AI時代拚的是體驗不是模型｜Speak的Andrew指出大家都能買到同樣的底層AI技術，真正拉開差距、無法被取代的其實是使用者體驗。 ‖ 初衷不必偉大也能撐十年｜拓元KT做售票純粹因為愛打棒球「for my own pleasure」，4foodie Ava的起點只是手機沒容量，卻都撐了超過十年。	Storys 創業之聲春節特輯：主持人Jonathan、Tim、Johnson回顧16位創辦人，橫跨起點、生存、AI工具、信仰四大主題，解析KKday、WeMo、Phrozen、Speak等品牌背後共同的韌性與初衷。	ready-for-review
47	一支用iPhone 5前鏡頭拍的自我介紹影片，晚上11點58分上傳，從此改寫了她的人生。Megan從SK-II徵選影片起家，度過「星巴克女孩」到「國民閨蜜」的十年身份轉換，也熬過一段斷崖式分手的情傷，最終把痛苦寫成書、拆解成方法論，2026年推出全新品牌soft skill savant，帶更多人拿回人生主控權。	先開始，別等準備好｜21歲的Megan完全沒有影片背景，用免費版威力導演剪完SK-II徵選片就投稿，她說機會來了先抓住，別想太多。 ‖ 訂閱數不是越高越好｜她刻意把訂閱維持在10萬上下，因為訂閱數再往上報價廠商反而請不起，10萬區間收入最穩定，業配自己找上門。 ‖ 情傷也能變成商業模式｜25歲那年一場COVID期間的斷崖式分手，讓她從此開始分享情感內容，後來更寫成書、拆解出soft skill savant的品牌雛形。	soft skill savant 創辦人Megan專訪：從iPhone 5拍SK-II徵選影片到「國民閨蜜」，走過十年網紅路與一場斷崖式情傷，2026年創立soft skill savant，用自我成長方法論幫更多人拿回人生主控權。	ready-for-review
48	螢幕前後是同一個人，這件事有多難？主持人Jonathan、Tim回到麥克風前，聊聊訪完Megan之後的收穫。他們發現，這位國民閨蜜身上最特別的，不是十年累積的粉絲量，而是她把一段斷崖式分手的情傷，轉化成幫助他人的內容，甚至在2026年砍掉重練，創立全新品牌soft skill savant。	真實比人設更難維持｜Megan是他們訪過的第三位內容創作者，卻是唯一被兩人形容線上線下毫無落差、完全不需要切換人設的一位。 ‖ 拒絕率不是用來被打敗的｜Tim用交易勝率與Federer輸掉近半局分數類比：51%勝率就能成為頂尖操盤手，Rejection is Redirection。 ‖ 砍掉重練也需要底氣｜即使Megan's Talk已是成功的個人品牌，Megan仍在2026年重新從零打造soft skill savant，主持人認為這份自信才是關鍵。	Storys 創業之聲主持人訪後收穫：Jonathan、Tim回顧與Megan的深度對談，解析國民閨蜜十年創作路上的真實性拉扯、情傷轉化與2026年創立soft skill savant的底氣。	ready-for-review
49	同學眼中「夕陽產業」的中藥行，二代接班人吳孟宸卻靠一句「聽都沒聽過誰敢買」的客訴，走進誠品、走進百貨公司。他從旅行社導遊轉行，回登義後先在倉庫蹲了三年學徒，才被允許接觸客人；疫情一度燒光五年積蓄、逼出恐慌症，也讓他重新定義品牌方向。一段從新莊老店走向國際舞台的中藥品牌接班故事。	被嫌沒聽過，其實是提醒｜客人一句「登義聽都沒聽過誰敢買」讓吳孟宸受挫，後來想通那代表「我們先前努力不夠」，反而成了接待客人的固定話術。 ‖ 疫情燒光五年積蓄才學會收斂｜封園超過三個月零遊客，他借錢照發薪水，最終燒光公司五年累積獲利，還被醫生確診恐慌症，才學會不再無頭蒼蠅式亂嘗試。 ‖ 解決問題比證明自己厲害重要｜母親被客人問倒方子，翻書一起查到答案，這一幕讓他明白登義的價值不是背熟五百種藥材，而是幫客人找到答案。	登義漢方營運長吳孟宸專訪：從自認「夕陽產業」的中藥二代，到旅行社導遊磨出的服務心法，再到疫情燒光五年積蓄、確診恐慌症後重新聚焦，帶領登義走進誠品與百貨公司的接班故事。	ready-for-review
50	店明明是爸媽的，二代孟宸回登義卻先被丟進倉庫做藥三年才准站上前台。主持人Jonathan、Tim訪後回到麥克風前，聊聊吳孟宸如何從這段學徒歲月，磨出「讓客人一眼認出你、卻又猜不透你在幹嘛」的百貨體驗心法，也聊到那封父母寫給兩兄弟、讓人動容的親筆信。	學徒式接班沒有捷徑｜即使店是爸媽的，孟宸回登義後仍先蹲倉庫做藥三年，才被允許到前台接觸客人，兩位主持人都對這點印象深刻。 ‖ 神秘感是留客的關鍵｜孟宸提到客人兩秒內就決定要不要進店，讓人一眼看穿就沒有好奇心，太模糊又沒人敢靠近，這個拿捏需要不斷試錯磨合。 ‖ 客人不買就追出去問為什麼｜兩人聊到孟宸在傳藝中心開店初期客人進來卻不買，他索性追出去問原因，靠這種放下面子的試錯，一步步磨出店該長什麼樣。	Storys 創業之聲主持人訪後回顧：Jonathan、Tim解析登義二代接班人吳孟宸三年倉庫學徒路、選對場域解客人問題的經營心法、百貨體驗店的客戶心理學，以及父母親筆信的感動時刻。	ready-for-review
51	手搖飲紅海裡，有人選擇賣一種光發酵就要三十天、清潔要求極高的冷門茶種——康普茶。Kure8 創辦人 Nehemiah 在美國喝慣了康普茶，疫情期間在家釀了近千瓶送給親友，才決定開店；如今從大安一路展到南港、忠孝三間店，撐住了 88 元起跳、比手搖飲貴上一倍的定價。他的目標很直接：做出亞洲最具代表性的康普茶品牌。	先自己過量產關，再開店｜在淡水租的小廚房裡，他從一個月兩三瓶做到近千瓶，親友喝到最後都不好意思白喝，他才第一次開口收費、正式開店。 ‖ 市場沒有，是機會不是警訊｜台灣當時幾乎沒有專賣康普茶的手搖店，他不怕沒人做過，反而視為早期卡位的空間，花六年把個人品牌做成三間實體店。 ‖ 定價要對客群，別跟低價比｜康普茶光第一次發酵就要三十天，成本比一般手搖飲多好幾道工序，他把價格訂在 88 元起，刻意不跟 50 嵐等低價手搖飲搶客群。	Kure8 康普茶創辦人 Nehemiah 專訪：從美國帶回康普茶的習慣，疫情期間關在家裡自己釀酒到一個月近千瓶，靠家人朋友口碑撐起大安第一間店，再展店到南港、忠孝共三間店，定價 88 元起、刻意不與低價手搖飲競爭，目標成為亞洲最具代表性的康普茶品牌。	ready-for-review
52	訪問 Kure8 創辦人 Nehemiah 之後，Jonathan 和 Tim 回到麥克風前，聊聊這個手搖杯品牌不太一樣的地方：IG 上幾乎不賣產品，反而在經營生活風格；而四到六週的發酵製程，才是別人學不走的真正壁壘，也讓他敢把加盟名單先擱著，只想先把品質顧穩。	行銷賣體驗，不賣產品｜Tim 觀察 Kure8 的 IG 很少直接推銷康普茶，反而像法拉利靠賽事塑造形象，讓消費者買的其實是「年輕健康生活」的體驗。 ‖ 製程門檻，就是護城河｜Jonathan 指出康普茶要多花四到六週發酵，原物料進來不能馬上賣，這個時間成本正是其他手搖杯品牌不敢跟進的原因。 ‖ 先顧品質，加盟名單先擱著｜Tim 提到很多人想加盟 Kure8，但創辦人選擇先把基本盤顧好、暫不開放，避免衝太快讓品質跟不上。	Kure8 康普茶創辦人 Nehemiah 專訪後，主持人回顧他從腸胃不適的個人需求出發，靠四到六週的發酵製程與生活風格式行銷，把康普茶手搖飲做成台灣少見的品項，並剖析他為何暫緩開放加盟、先顧品質再展店的策略。	ready-for-review
53	標了八個月的政府標案，最後沒拿到。三個大男生失落之餘跑去北投泡溫泉，泡著泡著就決定：那我們來做冰浴吧。Chill Ice Bath 共同創辦人 Jacky Wang，曾是 Instagram 紐約辦公室的工程師，30 歲那年裸辭、開車環遊美國國家公園一年半，最後把「離開舒適圈」這五個字，具體做成一池四度C的冰水生意。	自由需要框架撐著｜一年半公路旅行前三個月很自由開心，三個月後卻開始孤單，他才體會到自由需要搭配一定的框架，才走得下去。 ‖ 把體驗拆到最簡單的元素｜他們把整套服務簡化成一冷一熱的 MEP，開店前先跑遍紐約、新加坡、峇里島等地考察冰浴文化，才把細節磨到適合台灣人。 ‖ 先辦活動教育市場，再開店｜開店前他們不斷跟跑團、瑜伽團合辦體驗活動，先用內容和活動把粉絲社群養出來，開店那天才不是從零開始招客。	Chill Ice Bath 共同創辦人 Jacky Wang 專訪：國中赴美讀高中、電機系畢業後自學寫程式跳進軟體業，做到 Facebook、Instagram 工程師，30 歲裸辭環遊美國國家公園一年半，回台後與 Matt、David 標案失利，轉而把冰浴桑拿做成台灣少見的 wellness 品牌。	ready-for-review
54	訪問 Chill Ice Bath 共同創辦人 Jacky 和 Matt 之後，Jonathan 和 Tim 回到麥克風前，聊聊這段路：從 Instagram 工程師到公路旅行創業，Jacky 中途還做過一個拿到 a16z 投資的動畫新創，最後跟夥伴在北投泡溫泉時，聊出了做冰浴的念頭。	十二個月走完十年的路｜Tim 觀察 Jacky 每次轉換跑道都很快，從辭職到拿到 a16z 投資只花一年多，執行力遠比想像中重要。 ‖ 開店前先把粉絲養出來｜Jonathan 提到 Chill 開店前就辦大安森林公園晨跑、與 Kure8 合辦活動，讓開幕當天不是從零開始。 ‖ 乾淨，是信任的起點｜兩人都對 Chill 場館的整潔印象深刻，認為在講究衛生的濕區服務裡，這個細節決定了顧客願不願意再回來。	Chill Ice Bath 共同創辦人 Jacky、Matt 專訪後，主持人回顧他從 Instagram 工程師到公路旅行、動畫新創拿下 a16z 投資，再到與夥伴北投泡溫泉聊出冰浴點子的歷程，剖析開店前靠活動養出粉絲社群的策略。	ready-for-review
55	退伍那天，郵局戶頭只剩一千塊。好客健身創辦人周慶安（Eddie）沒有正式體育班底、曾被家人說是「不會讀書的小孩」，卻靠自學行銷在 2017 年做到單堂課學生排隊搶課的明星教練。第一次創業被大股東架空後，他用免入會費、以分計費的模式重新出發，把好客做成連小孩都能來運動的健身房，如今第七年，還跨足餐飲與服飾。	別人不做的，先做就多十分｜2017年他開始寫專欄、拍影片、凌晨在 Facebook 直播教課，同業都還沒跟上，讓他從沒人看到凌晨仍有五六百人在線。 ‖ 飢餓行銷也能用在教練身上｜他讓五六十個學生一起排課搶課，一天最多排到十八堂課，客人約不太到他反而更珍惜他的時間，也更尊重他的專業。 ‖ 獨資比合夥更難被架空｜第一次創業因股份只占約十分之一，被大股東邊緣化；離開後他自己成立好客，拿掉高額入會費，只收一次性場地保險費。	好客健身創辦人周慶安（Eddie）專訪：從不被家人認同的體育生，到 2017 年靠自學行銷做成明星教練，第一次創業被大股東架空後，退伍時戶頭僅剩一千塊，仍在汐止重新創立好客健身，如今邁入第七年並跨足餐飲與服飾。	ready-for-review
